Prediction,
0.7539599413736447,
0.35957714562799975,
0.3294359883341055,
0.4862017208471613,
0.9909716360487737,
0.973538441807608,
0.41699246592457967,
0.6688307847582913,
0.3868078703599146,
0.36677861397795386